date,Berlin Max_Temperature,Paris Max_Temperature,Copenhagen Max_Temperature,Stockholm Max_Temperature,Metropolitan City of Rome Max_Temperature
1900-01,8.4,12.7,6.2,5,
1900-02,17.4,16.9,6.2,4.5,
1900-03,15,16.9,7.6,5.5,
1900-04,24.1,25.8,19.2,14,
1900-05,29.4,28.9,23.4,21,
1900-06,28.8,31.9,27.7,29,
1900-07,34.9,38.6,29,29,
1900-08,32.3,32.6,28.2,26,
1900-09,27.4,28.8,22.4,20.5,
1900-10,24.5,26.1,17.4,17,
1900-11,13.5,18.8,9.4,8.5,
1900-12,9.2,14.9,9.2,8,
1901-01,8,10.9,7,6.5,
1901-02,8.5,12.4,4,1.5,
1901-03,14,13.8,6.4,8,
1901-04,23,24.9,17.4,18,
1901-05,28.6,29.5,22.2,25.5,
1901-06,30.6,33.9,25,27,
1901-07,31.7,32,30.8,32,
1901-08,30.4,31.2,29.4,27,
1901-09,27.2,30,22.4,22,
1901-10,23.7,23.8,18.6,16.5,
1901-11,10.4,14,10.8,8,
1901-12,11.5,12.7,8.8,4,
1902-01,11.3,13,8,6,
1902-02,11.9,14,3.6,2.5,
1902-03,16.6,17.1,9.4,6,
1902-04,21.1,22,14.4,12.5,
1902-05,32.1,27,25.7,23,
1902-06,32.5,30,27.1,25.5,
1902-07,28.2,33.9,23.7,23,
1902-08,27.3,30,19.5,20,
1902-09,29.2,28.2,23.3,20,
1902-10,18,20.6,14.9,12,
1902-11,13.4,19,12.1,14,
1902-12,8.8,13.2,6.7,6,
1903-01,9.8,13.1,6.9,6,
1903-02,15.2,15.8,9.1,9,
1903-03,23.5,25.3,15.3,13.5,
1903-04,19.8,17.9,15.7,15,
1903-05,29.1,28.7,27.5,25,
1903-06,29.3,33.5,28.1,26.2,
1903-07,33.1,31.7,24.5,26,
1903-08,27.6,30.4,22.9,21,
1903-09,32.2,32.3,25.1,19,
1903-10,25.5,21.5,17.9,16,
1903-11,10.8,12.8,10.4,10,
1903-12,4.6,12,3.9,6,
1904-01,9,11.4,4.9,5.5,
1904-02,8.9,11.8,4.3,3,
1904-03,16.6,14.9,9.7,6.5,
1904-04,25.9,23,15.9,14.5,
1904-05,28.9,28.1,24.1,24,
1904-06,31.1,30.1,24.9,25,
1904-07,36.4,37.1,32.1,28,
1904-08,34.3,34.8,27.7,28,
1904-09,25.8,25.8,22.6,23,
1904-10,21.3,21.4,17.3,16.5,
1904-11,11.9,15.3,11.1,9.5,
1904-12,10.8,15.1,8.9,9.5,
1905-01,6.4,11.9,6.9,7,
1905-02,9.3,11.7,6.3,6.5,
1905-03,15.9,19,10,8,
1905-04,20.6,21,14.3,16,
1905-05,31.4,29.1,27.1,26,
1905-06,33.9,30,29.1,29,
1905-07,36.3,33.8,26.2,26,
1905-08,33.1,32,26.5,24,
1905-09,25.7,27.8,21.5,18,
1905-10,13.8,16.1,13.3,11,
1905-11,14.4,14.1,9.9,8,
1905-12,11,13.3,7.1,6.5,
1906-01,9,15.3,6.8,7.5,
1906-02,7.9,12.7,5.1,3,
1906-03,17.5,20,11.5,7.5,
1906-04,25.6,21.8,22.6,18.5,
1906-05,27,29.7,25.1,24.5,
1906-06,31.1,30.9,26.5,27.5,
1906-07,31.4,33.8,29.7,28.5,
1906-08,33.1,34.9,28.9,28.5,
1906-09,31.3,33.2,28.8,21.5,
1906-10,20,25.5,16.1,13,
1906-11,15,14.4,11.9,10.5,
1906-12,9.8,11.9,9.7,6,
1907-01,7.2,9.8,6.1,3,
1907-02,7.6,10.8,6.8,6,
1907-03,17,22.1,15.3,12.5,
1907-04,16.2,22.4,12.9,10,
1907-05,31.7,29.1,26.7,24.5,
1907-06,31,27.7,24.7,22,
1907-07,27.3,29.4,28.8,26,
1907-08,30.3,34.4,24.7,19,
1907-09,26.6,28.6,20.4,22,
1907-10,23.1,19.4,19.9,15,
1907-11,13.8,15.8,10.5,8,
1907-12,9.1,14.6,7.5,5,
1908-01,9.4,11.6,5.7,6,
1908-02,9.6,11.2,7.9,5,
1908-03,15.3,13.1,11.9,9,
1908-04,18.6,21.6,14.1,11.5,
1908-05,29.8,29.2,23.6,24.5,
1908-06,32.5,32.5,27.5,26,
1908-07,34.7,32.3,28.8,28.5,
1908-08,28.1,30.6,25.9,26,
1908-09,27.2,28.4,22.3,18.5,
1908-10,25.8,26,23.2,18.5,
1908-11,10.6,15.7,8.3,7,
1908-12,9.3,11.1,8.1,6.5,
1909-01,7.6,11.9,6.2,4.5,
1909-02,7.9,11.6,5.3,3,
1909-03,20.8,15.3,12.8,4.5,
1909-04,22.5,26.3,17.3,13.5,
1909-05,29.5,31.1,20,18.5,
1909-06,32,31,24.5,26,
1909-07,24.8,26.4,24.1,24.5,
1909-08,28.5,32.5,24.6,22.5,
1909-09,25.6,23.4,20.3,18,
1909-10,21.6,20.8,17.9,16,
1909-11,9.8,12.8,10.3,8,
1909-12,11.7,14.9,6.7,5,
1910-01,9.6,12.2,8.3,6.5,
1910-02,12.3,14.9,8.6,5.5,
1910-03,16.3,17.5,12.8,10.5,
1910-04,23.6,21,17.8,16.5,
1910-05,27.6,25.6,24.5,23.5,
1910-06,32,28.3,28.6,26.5,
1910-07,29.9,29.7,28.4,26.5,
1910-08,26.7,27.6,27,24.5,
1910-09,22.8,26.6,21,19,
1910-10,21.6,23.8,17.3,15,
1910-11,10.4,13.9,8.6,8,
1910-12,10.2,14.8,7.9,7,
1911-01,7.5,8.3,8,5.5,
1911-02,10,13.8,7.5,5,
1911-03,23.3,20,16.2,10,
1911-04,26.4,23.8,21.7,18.5,
1911-05,27.5,27,27.9,25.5,
1911-06,30.1,28.9,28.9,27,
1911-07,35.7,37.5,28.5,29,
1911-08,32.7,37.7,31.6,31,
1911-09,34.7,35.6,25.3,20,
1911-10,18.8,22,15.6,13.5,
1911-11,14.6,14.4,11.5,9.5,
1911-12,7.4,11.8,6.6,6.5,
1912-01,8,12.5,8.1,7,
1912-02,17.5,17.1,8.2,6,
1912-03,19.5,20.9,11,8,
1912-04,20.4,23,19.6,17,
1912-05,26.5,33,21.3,17.5,
1912-06,29.7,32.9,25.9,26.5,
1912-07,32.2,34.4,27.8,29.5,
1912-08,27.1,25.9,24.8,24,
1912-09,18.7,21,18.5,16,
1912-10,16.2,20.8,14,11.5,
1912-11,8.4,11.5,8.1,8.5,
1912-12,12.3,13.3,10.9,9,
1913-01,8,11.7,6.4,6,
1913-02,11.1,12.6,7,5.5,
1913-03,23.2,19.6,13.2,11,
1913-04,29,27.3,26.1,23,
1913-05,30.6,30.6,28,21,
1913-06,28.6,31.2,25.3,25,
1913-07,28.7,27.1,27,26,
1913-08,28.2,30.6,27,25,
1913-09,25.2,26,25.5,22.5,
1913-10,21.9,21.2,17.4,16,
1913-11,16.5,17.2,12.4,10,
1913-12,10.1,10.3,9.8,7,
1914-01,9.9,11.8,6.7,7,
1914-02,12.7,14.6,9.8,9,
1914-03,17.3,21.3,10.6,6.5,
1914-04,24.1,26.1,22,22,
1914-05,28.6,30.1,22.9,21.5,
1914-06,28.7,31.4,28.3,26.5,
1914-07,32,33.7,33,31,
1914-08,31.2,31.8,27.8,24,
1914-09,28.6,28.8,23.4,21.5,
1914-10,18.2,19.5,14.3,12,
1914-11,11,16.9,11.9,11,
1914-12,14.3,15.8,10.8,11,
1915-01,9.1,12.3,6.5,3,
1915-02,10.6,12.8,7.3,2.5,
1915-03,20.1,17.9,8.9,8,
1915-04,22.6,25.4,20.9,18,
1915-05,27.5,28.8,25.5,24,
1915-06,35,33,29.3,27.5,
1915-07,31.1,30.9,26.6,24,
1915-08,29.2,31.4,25.1,24.5,
1915-09,24.1,28.3,23.5,20.5,
1915-10,15,20.8,14.6,12,
1915-11,13.6,13.7,10.2,8,
1915-12,14.2,16.2,6.8,2.5,
1916-01,10.6,14.1,8.5,6,
1916-02,9.2,13.1,6.8,4.5,
1916-03,15.7,19.3,11.7,7,
1916-04,24.2,25.9,21.4,20,
1916-05,29.2,28.9,23.6,21.5,
1916-06,29.5,28.3,24.9,23.5,
1916-07,28.3,28.7,28.5,28,
1916-08,28.8,31.8,23.7,20.5,
1916-09,26.5,26.1,20.5,19.5,
1916-10,19.4,22.7,17.6,13,
1916-11,17.7,16.9,12.9,9.5,
1916-12,10.8,14,6.8,6,
1917-01,8.4,11.7,7.5,0.5,
1917-02,4.9,10.5,4.5,5,
1917-03,9.2,17,6.6,6.5,
1917-04,15.5,22,13.7,12.5,
1917-05,29.7,29.7,27.2,26.5,
1917-06,34.9,34.4,32,31.5,
1917-07,30.5,32,26.6,25.5,
1917-08,31.3,29.2,30.3,25.5,
1917-09,28.4,27.6,21,19,
1917-10,25.5,27,19.3,17,
1917-11,12.8,16.2,11.3,7.5,
1917-12,10.1,8.9,8.3,7.5,
1918-01,11.5,13.4,5.3,6,
1918-02,10.4,13.2,6.7,5,
1918-03,18,20.5,14.5,12.5,
1918-04,24.3,18.8,19.8,17.5,
1918-05,30.9,30,26.8,24.5,
1918-06,26.3,28,24.9,26,
1918-07,29.7,33.9,27.1,27,
1918-08,33.1,36.4,26.3,25,
1918-09,28.7,28,19.5,16.5,
1918-10,18.1,18.7,15,14,
1918-11,15.2,14.7,11.3,9.5,
1918-12,10,16.6,8,7,
1919-01,9.7,10.9,7,4,
1919-02,12.4,13.7,6.5,7,
1919-03,21,16.1,13.3,7,
1919-04,16.8,19.7,19.3,18,
1919-05,25.7,27.6,24.3,21.5,
1919-06,32.3,32,27.9,23,
1919-07,27.4,28,28.9,28,
1919-08,31.1,35.2,25.3,20,
1919-09,34.2,32.8,26,24,
1919-10,21.6,22.3,18,16,
1919-11,11.3,12.5,9.4,4.5,
1919-12,10.7,13.8,7.4,4,
1920-01,11,14.1,8.4,4,
1920-02,16.1,16.1,10.2,8.5,
1920-03,20.6,21.9,13,14,
1920-04,22,20.8,15.5,14,
1920-05,29.5,28.1,22.7,23.5,
1920-06,28.3,30.9,25.9,27,
1920-07,32.5,31.8,29,27,
1920-08,30.5,27.6,24.5,22.5,
1920-09,23.5,26,20,18,
1920-10,21.7,26.2,18.5,15,
1920-11,14.4,15,11.6,12,
1920-12,12.4,15.8,7.2,4,
1921-01,12.8,14.8,9.5,6.5,
1921-02,10.1,15.5,7.3,7,
1921-03,21.5,22.9,14.4,12,
1921-04,24,24.8,21.5,21,
1921-05,29.5,28.6,25.5,25.5,
1921-06,33.6,30.9,27.6,26,
1921-07,34.3,38,28.8,26,
1921-08,35.6,34,29.5,26.5,
1921-09,28.8,32.2,23.2,22.5,
1921-10,24.7,31.3,20,17.5,
1921-11,10.6,16,11.1,10,
1921-12,10.9,14,9,4,
1922-01,10.4,13.6,8,1,
1922-02,15.2,17.5,9.4,5,
1922-03,18.5,21.5,9.5,7,
1922-04,28.3,23.6,21,16,
1922-05,34,35,26.5,24.5,
1922-06,29.4,31.1,23.9,23,
1922-07,36.8,31.4,25.1,23.5,
1922-08,30.2,29.2,23.6,22,
1922-09,20.9,29,19.4,19.5,
1922-10,15.4,21.4,14.1,12.5,
1922-11,10.1,14,8.6,8.5,
1922-12,10.3,12.6,8.9,7,
1923-01,7.4,11.8,8.3,7.5,
1923-02,13.7,13.9,9.9,2,
1923-03,19.5,22.8,14.8,14.5,
1923-04,22,25.3,15.4,11,
1923-05,31.1,30,23.7,17,
1923-06,23.3,27.2,20,18.5,
1923-07,35.3,34.6,31,30.5,
1923-08,28.6,39,22,21.5,
1923-09,28.7,30.9,21.8,18,
1923-10,25.1,24.6,20.3,13,
1923-11,15.4,16,11,10,
1923-12,7.9,11.1,7,4,
1924-01,7.1,13,4.2,3,
1924-02,5.5,9.9,5.1,3.5,
1924-03,17.5,16.8,8,5,
1924-04,21.3,23.1,11.3,9,
1924-05,28.8,29.7,25,19,
1924-06,30.5,31.1,27,25.5,
1924-07,32.4,32.9,24.8,26,
1924-08,28.5,26.9,27,25.5,
1924-09,27.4,25,22,22,
1924-10,22,21.2,17.9,15,
1924-11,16.1,17.5,12.2,9.5,
1924-12,8.6,14,8.8,10,
1925-01,12.1,13.4,9.6,7.5,
1925-02,15.8,13,10,7.5,
1925-03,17,15.2,9.6,8,
1925-04,21,20,16.6,16.5,
1925-05,27.6,28.7,23.5,22.5,
1925-06,29.3,31,30.1,25,
1925-07,32.6,30.5,30.2,29,
1925-08,34.6,31.6,23.9,25,
1925-09,23.6,24.6,17.9,18,
1925-10,20.2,20.6,16.5,16,
1925-11,14.1,17,11.6,7,
1925-12,14,15.5,9.1,5,
1926-01,8.5,13.2,6.5,2.5,
1926-02,12.9,17.1,5.9,3,
1926-03,14.8,15.8,12.6,7.5,
1926-04,28.1,24.4,19.4,18,
1926-05,24.6,25.6,21.9,21,
1926-06,24.7,26.2,25.5,24,
1926-07,32,32,28.2,31,
1926-08,26.4,31,24.5,24.5,
1926-09,29.4,30.9,23.2,21,
1926-10,19.6,24.3,16.6,15,
1926-11,15.7,17.5,11.6,9.5,
1926-12,8.3,9,9,7,
1927-01,9,10.9,7.9,5,
1927-02,12.8,15,8,4,
1927-03,21.1,18.6,16.9,11,
1927-04,20.4,24.9,15.1,13,
1927-05,29,27.1,18.3,16,
1927-06,32.3,30,22.9,22.5,
1927-07,30.3,30.2,27,28,
1927-08,30.8,29,26,26,
1927-09,27.6,25.4,22.5,22,
1927-10,18.5,21.7,14.8,14,
1927-11,15.4,19.6,13.1,11,
1927-12,7.7,11.8,4.5,1.5,
1928-01,7.8,11.9,5,3,
1928-02,11.7,15.1,8.2,6,
1928-03,17.6,18.2,10.5,5.5,
1928-04,26.9,25.1,18.8,17,
1928-05,25.5,28.9,21,20.5,
1928-06,28.7,29.9,20.2,22,
1928-07,35.1,36.3,28.3,28,
1928-08,28.2,31.9,22.5,20,
1928-09,31,30.8,24,21,
1928-10,20.5,20.1,15.6,14,
1928-11,15.5,17,13.5,10,
1928-12,6.6,12,7,5,
1929-01,3,6.1,4.5,4.5,
1929-02,2,10.8,2,,
1929-03,17.7,22.4,16,14,
1929-04,21.5,24.4,12.4,14,
1929-05,28.2,29.6,23.5,22,
1929-06,31.4,29,26.2,23.5,
1929-07,34.7,34,27,27,
1929-08,32.1,34.8,24.5,20.5,
1929-09,32.8,33.8,26.3,19.5,
1929-10,24.2,22,16.2,13,
1929-11,12.6,15.2,9.6,8.5,
1929-12,13.1,14.6,10.8,8,
1930-01,10.8,14,9,8.5,
1930-02,9.8,13.1,6.6,4,
1930-03,16.4,18.6,12,10.5,
1930-04,24.1,24.3,18,15,
1930-05,24.4,25.4,22,21,
1930-06,33.6,30.9,27.7,29,
1930-07,33.7,27.4,29.2,28,
1930-08,30.7,34.2,24.6,23.5,
1930-09,21.8,28.4,19.3,17,
1930-10,20.1,22.2,18,15,
1930-11,13.8,18.2,11.9,12,
1930-12,6.1,12.1,7.9,7,
1931-01,11,13.2,7.6,4,
1931-02,7.8,13.1,5.9,3.2,
1931-03,14.2,18.9,9.4,10,
1931-04,20,20.9,15.3,14.2,
1931-05,32.222,28.5,27.8,22,
1931-06,31.111,32,23.4,23.6,
1931-07,32.222,28.8,27.4,25.5,
1931-08,32.4,29,27.1,28.2,
1931-09,26.111,24.6,20.1,18.5,
1931-10,22.8,22.1,17.9,15.3,
1931-11,17,18.9,14.4,12.4,
1931-12,11,14.9,9.1,7.8,
1932-01,12,13.2,9,9.6,
1932-02,7.222,10.1,8.2,5,
1932-03,15.1,15.9,11.9,8.4,
1932-04,23.2,19.1,15.4,12.4,
1932-05,32.222,30.3,25,22.2,
1932-06,29.3,28.7,25,22,
1932-07,32.8,31,29.1,28.4,
1932-08,37.2,35.7,29,25,
1932-09,30,28.1,21.5,20,
1932-10,22.222,21.1,15.7,14.3,
1932-11,16.2,16.3,11.8,9,
1932-12,10,15.4,10,9.4,
1933-01,7.5,13.4,7.5,5.8,
1933-02,10,14,8.6,5.4,
1933-03,21.5,20.9,14.4,13.4,
1933-04,21.1,26.5,16.2,15.2,
1933-05,27.222,27,21,18.4,
1933-06,27.222,29,25.8,24,
1933-07,35,36.2,28.3,34.6,
1933-08,31.111,34.4,24.7,25.2,
1933-09,26.111,28,22.1,23.5,
1933-10,25,24.5,18.2,17.2,
1933-11,16.111,15.2,10.1,9,
1933-12,6.111,6.1,6.3,3.6,
1934-01,12.778,13.6,8.1,5,
1934-02,12.222,12.8,10.6,8,
1934-03,16.111,16.7,10,8,
1934-04,27.6,29.5,21.1,17.5,
1934-05,27.7,29.6,25.2,25,
1934-06,32.5,33,27.6,27.5,
1934-07,33.2,33.6,28.2,29,
1934-08,30.6,28.9,25.1,26.4,
1934-09,28.4,31.7,24.5,22.8,
1934-10,23.9,23.9,18.1,16.8,
1934-11,16.2,11.8,11.2,11,
1934-12,12.222,14.1,9.4,6.2,
1935-01,7.778,11.5,7.3,5.2,
1935-02,13.4,13.3,8.5,6.7,
1935-03,19.5,19.2,14.6,10,
1935-04,22.222,20.3,20,17,
1935-05,26.3,25.1,21.5,19,
1935-06,34.5,31,28.9,30,
1935-07,32.222,33.1,27.5,28.8,
1935-08,33.7,32.1,26.6,29,
1935-09,30.3,28,22.9,19.6,
1935-10,22.222,19.7,17.3,15,
1935-11,17.3,18.2,13.5,11.8,
1935-12,10.9,12.9,7.4,6,
1936-01,11.111,15,9.1,5.6,
1936-02,11.111,14.4,5,4,
1936-03,19,19.8,14.8,9.2,
1936-04,21.111,18.8,16.5,16,
1936-05,24.6,28.1,21.4,20.2,
1936-06,31.111,31.7,28.5,29.8,
1936-07,35,32.4,26.3,27.7,
1936-08,29.5,29.2,24.4,24.5,
1936-09,26.111,28.2,22.3,18.8,
1936-10,14.2,19.1,13.6,11,
1936-11,12.9,13.7,10.6,9,
1936-12,11.5,14.6,10.1,9.5,
1937-01,10.2,14.6,9.3,7,
1937-02,11.2,14.1,6.5,2.6,
1937-03,15,15.1,10.3,6.4,
1937-04,18.889,19.8,18.6,18,
1937-05,32.6,30.9,26,25.6,
1937-06,36.111,32.2,29.2,27.8,
1937-07,31.3,33.1,27.3,27,
1937-08,30.8,34.4,26.2,25.4,
1937-09,27.5,29.8,23.5,20.2,
1937-10,18.889,22,17,16,
1937-11,13.4,13.1,12.5,9.5,
1937-12,8.7,11.7,7.9,2.3,
1938-01,23.889,12.9,8.3,6,
1938-02,12.4,14.6,9.5,7.4,
1938-03,21.7,22.8,18.5,15.2,
1938-04,16.111,19.4,16.5,15.6,
1938-05,29.1,29,26.2,28,
1938-06,32.222,33.2,25,24.6,
1938-07,33.9,32.6,26.2,27.8,
1938-08,34,33.5,28.4,28.4,
1938-09,27.222,27.4,22.8,24,
1938-10,18.9,20.4,19.9,17.4,
1938-11,16.3,19.1,13.7,11.4,
1938-12,10.2,14.9,8,7,
1939-01,13.9,14.2,9.9,5,
1939-02,14.2,14.1,11.1,8,
1939-03,12.222,18.9,9,7,
1939-04,25,28.1,21.5,15,
1939-05,23.2,24.4,22.1,22.5,
1939-06,32.222,32.9,28.9,28,
1939-07,32.222,30.4,28.8,28.1,
1939-08,31.4,28.3,30.2,27.2,
1939-09,29.2,29,25,23.2,
1939-10,19,20.2,14.3,11.2,
1939-11,14.9,19.9,12.8,10.8,
1939-12,11.111,13.1,9.5,5.5,
1940-01,12.778,9.1,4,2,
1940-02,12.222,16.1,8.889,4.8,
1940-03,15.6,21,12.778,5,
1940-04,25,26.3,16.1,11,
1940-05,27.8,25.3,25,23.1,
1940-06,32.222,30.1,28.8,26.8,
1940-07,32.778,27.8,28.3,27,
1940-08,29.3,31.1,25.7,24.8,
1940-09,25,32.222,17.9,17,
1940-10,20.2,22.222,14.9,12.8,
1940-11,15,17.9,10.7,11,
1940-12,5,11.111,7.222,5,
1941-01,1.5,10.9,1.5,4.8,
1941-02,10.5,13.6,4.3,2,
1941-03,15,18,10.1,8.8,
1941-04,17.3,19.6,14.3,14,
1941-05,26.111,21,24,25,
1941-06,32.8,34.4,30.5,28.4,
1941-07,33.9,35.3,31.8,31,
1941-08,28.9,26.1,27.778,30,
1941-09,23.9,28.1,21.5,18.8,
1941-10,21.3,24.5,17.5,16,
1941-11,10.6,16.2,8,5.4,
1941-12,12.222,14.1,9.9,7.6,
1942-01,7.222,9.7,4.6,2.8,
1942-02,6.111,6.1,1.7,,
1942-03,13.9,20.1,7,7.8,
1942-04,21.111,23.1,18.4,20.2,
1942-05,30,29.7,23,20.2,
1942-06,32.222,32.5,24.1,23.4,
1942-07,35,32.1,26,27,
1942-08,32.8,31.2,28.9,26.4,
1942-09,29.6,31.5,24.7,21.8,
1942-10,25,23.4,18.8,14.5,
1942-11,12.8,14,12.8,10.8,
1942-12,10.7,14.1,9.1,5.8,
1943-01,10,14.8,6.4,3.6,
1943-02,12.222,13.2,10.3,11.8,
1943-03,20.4,21.9,12.8,11.8,
1943-04,26.111,27.3,20.1,20,
1943-05,30.4,31.3,26.9,23,
1943-06,30,31.1,26.111,25.8,
1943-07,32.222,36.6,28.1,27.6,
1943-08,37.8,34.5,29.1,28,
1943-09,29,28.4,23.889,18.8,
1943-10,22.8,19.5,17.1,16,
1943-11,15.6,17.1,12.4,8,
1943-12,7.222,12.1,7.5,5.1,
1944-01,10.5,12.2,9.3,6,
1944-02,10.5,14.2,8.3,4.8,
1944-03,8.9,18.8,9.1,6.2,
1944-04,21,23.4,16,12.6,
1944-05,32,34.8,25.5,20.4,
1944-06,28.5,27.9,25,24.8,34.111
1944-07,34,30.8,31,30.2,34.611
1944-08,34.1,32.1,29,27.6,37.389
1944-09,29.1,24.7,21,18.8,
1944-10,19.4,17.5,15.1,15.6,29.111
1944-11,13.2,16.5,11.3,10.8,20.722
1944-12,7,12,7.7,6.4,19.111
1945-01,5.5,6.8,6.1,3.6,15.222
1945-02,12.7,14,11.3,6.8,19.611
1945-03,21,23.8,19,15.2,20.722
1945-04,22,30.222,19.5,17,25.722
1945-05,32.1,32.4,29,20.6,33.5
1945-06,30.2,33.4,29.9,23,34.611
1945-07,33,36.8,32.5,31.6,39.611
1945-08,31.1,31.278,27.8,26,36.778
1945-09,27.1,28.7,24.2,19.2,34.111
1945-10,18.2,25.222,17,13.4,25.222
1945-11,17.8,19.111,12.1,10,21.778
1945-12,9.6,13.5,8.1,3.8,15.722
1946-01,12.4,14.111,9,6.2,17.389
1946-02,10.1,14.111,10.1,5.6,
1946-03,18.5,23.4,14.8,12.2,20.222
1946-04,26,26,25,19,24.611
1946-05,29.611,25.8,32.4,26,28.5
1946-06,29.111,29.8,25.1,23,37.389
1946-07,36,36.9,33.8,25.7,35.722
1946-08,30.722,35.1,27.2,23,37.889
1946-09,25,30.722,23.3,18.6,39.611
1946-10,19.1,28.2,18.5,13.8,30.722
1946-11,13,17.389,10.4,8.6,21.778
1946-12,8.5,11.1,8,5.2,16.278
1947-01,10.4,14.4,7,6.4,16.889
1947-02,1.889,10,9,,19.611
1947-03,18,19,11,6.4,23
1947-04,23.4,27.1,20.9,15.4,25.722
1947-05,31.4,32.6,33.5,22.8,30.222
1947-06,36.278,37.6,39.1,32.2,36.778
1947-07,33.2,40.4,32.3,30,37.389
1947-08,33.2,36.722,31.5,28.2,
1947-09,33.9,33.2,30.6,25,
1947-10,24.9,27,18.9,16,
1947-11,15.222,18,13.3,9.5,
1947-12,9.111,13.5,8.3,5.2,
1948-01,12.2,14.4,9.3,3.2,
1948-02,12.1,12.7,8.5,5,
1948-03,19.9,22.222,18.8,14.5,
1948-04,26.778,23.4,26,19,
1948-05,27.6,29.5,26.4,21,
1948-06,33,31.9,25.1,23,
1948-07,32.7,36,30.4,30.6,
1948-08,34.2,30.1,36.4,29.6,
1948-09,30.4,28.4,26.5,21,
1948-10,20.4,26.1,16.6,15.6,
1948-11,14,15.9,11.1,9.2,
1948-12,10.5,14.6,10.1,9.6,
1949-01,10.222,13.7,8.3,6,
1949-02,15.4,17.4,10.9,8.8,
1949-03,21.1,20.7,17.8,12.6,
1949-04,27.6,30.2,22.5,17.8,
1949-05,29.7,25.4,30,22,
1949-06,29.4,31.2,27.1,23.6,
1949-07,32.1,35.1,29,26.6,
1949-08,36.4,32.222,28.2,23.4,
1949-09,30.7,33.4,29,21,
1949-10,23.8,23.4,20,15.8,
1949-11,11.9,15.1,11.3,10,
1949-12,11.8,14,10,7.5,
1950-01,9.2,11.3,7.778,3.9,
1950-02,16.1,18,11.3,5.8,
1950-03,18.7,18.889,16,12,
1950-04,19.6,22.8,18.5,16.4,
1950-05,32.6,26.5,24.7,22,
1950-06,32.2,33.6,32,27.5,
1950-07,30.6,32.1,30.1,25.5,
1950-08,33.3,30.6,30,25.5,
1950-09,28.1,24.8,23.2,20,
1950-10,19.5,22.7,17,15.5,
1950-11,14.111,18.3,12.222,8.3,
1950-12,10,12.2,8.3,6.1,
1951-01,11.2,12,6.2,3,16.2
1951-02,12.5,13.1,6,3,18.7
1951-03,14.8,19.6,8.889,6.2,20.2
1951-04,27.7,24.2,25.8,20,22.8
1951-05,24.4,25.8,25.4,20.5,29
1951-06,29.4,28.6,28.8,25,32.5
1951-07,32.889,30.4,30.4,27.2,33.2
1951-08,33.4,26.7,29.6,27.7,36.2
1951-09,31.5,27.1,27.4,24.8,31.3
1951-10,18.6,21.7,18.1,16.3,28.7
1951-11,13.3,18.3,12.222,10.2,23
1951-12,10.6,11.3,10.5,8.9,17.778
1952-01,8,11.8,8.889,8.4,15.611
1952-02,10.2,11.2,11.1,5.5,17.222
1952-03,13.889,18.3,10,6.8,25
1952-04,25.3,26.1,23.8,18.4,25.611
1952-05,26.5,26.4,25.5,21.4,30.2
1952-06,29.6,34.2,27,24.7,34.4
1952-07,34.7,38,29.2,27.3,37.778
1952-08,33.1,30.3,26.5,24.8,34.389
1952-09,24,22.5,22,21,31.8
1952-10,18.8,21.4,16,11.8,25.611
1952-11,9.111,14.5,9.9,6,20.611
1952-12,7.3,12.5,7.222,4.8,18.889
1953-01,9.7,11.4,7.778,4.9,15.3
1953-02,15.4,14,13.1,7,18
1953-03,20.4,22.6,16.1,15.7,20
1953-04,26.4,23.5,21.2,19,23.889
1953-05,32.5,32.5,29.5,23.3,31.2
1953-06,30,30,31.8,30.5,30
1953-07,32.222,31.2,35,28,35.8
1953-08,32.7,34.6,31.1,29,33.4
1953-09,32.4,32.7,27.8,20.1,34.4
1953-10,24.5,23.1,19.2,18.3,30
1953-11,15,17.2,13.889,10.8,21.9
1953-12,15.4,16.5,12.3,12.8,18.889
1954-01,9.111,13.4,7.5,5,16.111
1954-02,8.3,14,4.4,0.6,18.4
1954-03,18,18.7,14.5,14.5,23.278
1954-04,17.5,18.7,14.1,13.1,26.6
1954-05,28,30.4,26,26.8,27.4
1954-06,34.4,30.9,30.4,28.3,34.6
1954-07,23.889,30,22.7,27.8,34.6
1954-08,32.5,34.3,22.222,24.2,33.889
1954-09,31.3,30.5,26,23.4,32.778
1954-10,20.9,26,17.778,14.7,26.8
1954-11,14.4,17.5,11.111,10,22.222
1954-12,12.8,14.3,11.111,9.5,19.7
1955-01,8.2,14.5,5.2,7.1,18.3
1955-02,7.8,13.7,8,4.4,18.3
1955-03,18,25.7,7.222,7,22.222
1955-04,30.3,28.6,24.2,17.3,25.611
1955-05,25.5,25,20.9,18.6,27.778
1955-06,30.1,28.278,23.6,25.6,34.1
1955-07,30.5,33,30,32.9,36.2
1955-08,30,30.7,29,31,31.8
1955-09,26.8,26.2,27,26.4,31.111
1955-10,19.611,23.2,17.2,17.6,25
1955-11,15.4,20.8,12.222,10,23.4
1955-12,12,14.8,11.111,7.8,19
1956-01,9.2,12.4,7,5,17.4
1956-02,6,9.7,5,4.4,15.611
1956-03,18.9,21.7,12.2,11.3,21.722
1956-04,18.5,21.9,13.5,12.1,29.8
1956-05,31.111,28.7,25.8,25.8,29.4
1956-06,28,28.2,26.5,31.4,32.3
1956-07,29.4,31.1,27,25.5,34
1956-08,24.2,28.5,21.7,22.6,40.611
1956-09,29.1,26.8,24.5,23,34.4
1956-10,23.1,24.2,17.4,16.2,28.4
1956-11,9.6,13.4,8.889,6.8,21.3
1956-12,13.889,14,10.5,10,17.2
1957-01,12.1,13.8,9.1,9.4,17.4
1957-02,12.778,19,9.7,7,17.4
1957-03,18.5,21.5,14.7,12.9,20.8
1957-04,24.2,21.3,18.7,18,24.8
1957-05,27.5,21.8,22.3,22.8,25.8
1957-06,32.8,34.6,29.1,29,35.8
1957-07,35,36,29.5,28.7,36.8
1957-08,27.8,29.3,26.5,26.7,38.3
1957-09,27.222,26.4,19.9,20.3,32.222
1957-10,20.2,21.8,17.1,14.4,27.778
1957-11,15,15,13,10.7,21.111
1957-12,10.7,12.8,8.3,9.2,17.778
1958-01,7.8,14.4,5.7,5,17.3
1958-02,16.2,20.1,8.2,5.3,18.9
1958-03,10.3,19.6,4.7,7,20
1958-04,18.9,21.6,16.111,16.5,21.111
1958-05,30.7,26.8,26,27.6,32.778
1958-06,28,28.7,25,27.7,32.222
1958-07,32.8,29.1,28.8,29.8,36.3
1958-08,29.1,29.5,23.2,25,37.9
1958-09,30.4,31.1,24.5,26.5,30
1958-10,22.222,20.8,19.3,19.4,31.111
1958-11,11,15.2,10.3,10,21.111
1958-12,12.222,12.8,8.3,6,18.889
1959-01,12.4,13.8,7.8,4.9,16.6
1959-02,16.9,19.5,14,9.4,20
1959-03,21.2,18.8,16.4,13.1,22.7
1959-04,24.5,25.3,20.8,19.4,23
1959-05,26.111,28.3,22.4,23.9,26.8
1959-06,32.222,30,28.3,30.5,33.5
1959-07,38.889,36.4,31.4,30.5,36
1959-08,31.111,30.2,29,32.2,33.5
1959-09,27.222,31.4,24.9,25,28.5
1959-10,22.3,27.5,19,17,24.2
1959-11,13,16.9,10.8,10,20.6
1959-12,11.111,12.5,8.1,6.3,16.6
1960-01,10.9,14.5,8.1,5.5,18.2
1960-02,11.5,21.4,5,4,21.6
1960-03,17.9,17.8,13.3,11,17.7
1960-04,23.1,24.1,18.2,16.8,24.9
1960-05,25,26.3,23.2,25.2,31.4
1960-06,29.3,30.3,27.5,28.9,31.5
1960-07,31.111,27,27.7,26.6,33.2
1960-08,34.4,30.5,28.3,28,37.5
1960-09,27.222,25.9,20.8,21.5,31.6
1960-10,22.222,22,18.2,14.5,29
1960-11,16.111,16.8,12.5,9.5,22.8
1960-12,12.8,12.7,10,8.7,17.4
1961-01,8.2,12.7,7,5.5,15.4
1961-02,17.1,19,11.3,9.8,17.8
1961-03,20,23.3,15.4,13.6,21.3
1961-04,26.5,24.1,19.6,20.5,26
1961-05,24.6,25.1,25.8,25.5,28.3
1961-06,31.111,32.7,27.7,29,34
1961-07,34,34.4,30.2,27,32.2
1961-08,29,34.3,26.5,25,37.3
1961-09,31.7,32.6,27.5,24.8,33.9
1961-10,23.6,24.3,19.8,18.1,27.2
1961-11,13.7,16.2,12.778,11.1,22.2
1961-12,16.278,16.7,11.2,8,18.5
1962-01,10.222,13.1,8.889,5.8,20.7
1962-02,10,12.8,8.889,6.7,17.6
1962-03,15.5,16.3,8.4,6.5,20.2
1962-04,29.4,24.8,22,18.3,26.4
1962-05,21.9,25.4,17,19.5,32
1962-06,32.1,28.9,26.5,26.5,33.5
1962-07,28.3,32.1,24,23.9,36.8
1962-08,30.3,28.8,21.4,23.6,35.6
1962-09,26.7,28.5,21.5,18,35.5
1962-10,24.9,26.4,21,17.5,26.6
1962-11,15.7,15.5,12.5,10,23
1962-12,6.6,12.4,7.222,5.2,17
1963-01,3.6,8.6,2.7,4.5,16.4
1963-02,3.2,7.2,3.7,5.4,14.6
1963-03,13.4,18,9.9,9,18.4
1963-04,20.4,19.8,14.7,17.8,23.6
1963-05,27.5,27.5,25.5,27,27.7
1963-06,33.7,27.5,27,27.9,33.8
1963-07,34.4,31,28.2,32,33.7
1963-08,36.7,28.2,30,29.3,34.5
1963-09,26.9,26.8,24,22.5,32.1
1963-10,22.1,22.1,15.8,14,25.4
1963-11,15.222,19.3,12.8,9.4,24.2
1963-12,6.2,10.9,6.4,6.9,20.3
1964-01,6.5,11,6.7,7.4,15.8
1964-02,9.4,15.7,8.2,8,18.5
1964-03,11.111,15.8,9,11.1,24.2
1964-04,24.6,23.3,22,22.4,23.8
1964-05,30,28.6,25,26.5,29.4
1964-06,34.5,31.6,29.9,25.3,34.4
1964-07,35.2,34.3,26.3,28.7,36.1
1964-08,33.3,35.2,32,28,35.2
1964-09,30.222,30.7,26,26,31
1964-10,21.6,23.6,18.889,16.1,27.8
1964-11,14.7,15.6,11.111,11.3,24.4
1964-12,13.1,12,10.5,9.7,17.4
1965-01,10.3,12,9.3,4.6,21.111
1965-02,6,9.6,7.222,7.3,17.222
1965-03,15.222,22.5,18.4,14.6,22.222
1965-04,19.7,22.2,19,16.5,21.4
1965-05,22.5,29.5,20.4,22.9,30
1965-06,28.8,28.3,24.5,25.4,37.222
1965-07,31.6,28.9,25,26.2,36.7
1965-08,30.8,30.9,24.1,24.8,36.7
1965-09,27.222,24.8,22,21,29.9
1965-10,23.3,26.3,18.1,16.8,27.2
1965-11,13.4,18.2,12.222,9.8,23.6
1965-12,13.1,14.8,7.222,7,18.6
1966-01,9.7,13.9,6.111,5.4,17.222
1966-02,16.7,16.2,10,6,21
1966-03,12.3,17.2,11.4,10.9,18.5
1966-04,23,22.8,18.8,19.1,25.2
1966-05,28.7,26.8,25,25,29
1966-06,32.8,30.3,27.8,29.7,34.2
1966-07,30,29.8,30.5,31.1,33.6
1966-08,33.8,32.7,27,24.6,36.8
1966-09,27.9,26.2,21,20.7,32.7
1966-10,28.1,24.2,20.5,16.5,30.4
1966-11,14.2,18.8,14,9.3,21.8
1966-12,11.6,13,8.9,6.5,17.222
1967-01,9.111,14.5,6.111,3.2,16.111
1967-02,13.7,14,7.7,8,19.6
1967-03,18.2,19.7,12.222,13.7,22.222
1967-04,18.9,21.6,15.6,17.7,25.4
1967-05,29.5,26.8,25,25,30
1967-06,29.6,29.2,24.5,26.5,34
1967-07,31.2,33,28.5,28.2,38.889
1967-08,32.6,32.7,27,29.3,35.6
1967-09,26.111,27.3,22.1,22,31.111
1967-10,24.4,23,18,16.7,27.222
1967-11,13.9,14.4,12.5,10.3,23.6
1967-12,11.8,13,10.5,9.8,18.2
1968-01,10.1,12.4,7.222,5,16.111
1968-02,9.5,14.4,6.111,8.1,22.222
1968-03,25.8,23.5,20.8,18.8,20.6
1968-04,31.8,27.8,25.5,20.4,24.8
1968-05,24.7,22.9,22.2,22.7,30.8
1968-06,33.7,31.3,31,32.2,30.6
1968-07,33.3,34,28,31.5,37
1968-08,29.9,28.2,29.3,29.6,32.222
1968-09,26.6,25.4,27.4,28.9,30
1968-10,21.111,22.4,17.9,14.8,27.222
1968-11,21.2,17.3,17.778,8.1,25
1968-12,7.389,13.4,5.6,4.2,18.889
1969-01,9,12.6,5.3,3.7,16.111
1969-02,11.1,14.7,6,3.5,16.6
1969-03,9.1,16.5,7.8,7,17.778
1969-04,23.7,24.1,19.2,16.4,24
1969-05,30.8,29.8,26.1,25,32.222
1969-06,29.4,27.5,28.8,31,32.4
1969-07,34.4,32.8,30,32,35.4
1969-08,33.1,30.7,32,32,34.4
1969-09,27.222,28.8,26.5,25.5,34.4
1969-10,23.9,25.8,21.6,17.4,25
1969-11,16.6,16.8,13.7,10.8,22.222
1969-12,2.222,11.1,4.4,3,16.8
1970-01,4.5,13.4,2.3,0.7,17.6
1970-02,5.9,12.7,3.5,0,17.222
1970-03,12.4,14.6,7,5.7,22.4
1970-04,18,21.6,14.2,12,26.8
1970-05,26.5,24.4,23,23.1,26.2
1970-06,31.9,28.8,29.8,32,32.4
1970-07,31.7,31.2,30,26.6,35.6
1970-08,29.3,30.3,26.5,26.4,36
1970-09,30.7,28.6,22,22.5,31.8
1970-10,24.7,25.4,16.2,15.1,29.2
1970-11,15.5,19.6,13.2,8.8,22.2
1970-12,10.7,13.6,8.6,8.6,17.778
1971-01,11.2,14.1,7.222,8.6,19.8
1971-02,9.1,11.6,8.5,7.2,17.222
1971-03,17.6,14.7,11.5,7.6,22.4
1971-04,22.8,25.4,17.5,15.8,26.8
1971-05,33.4,26.4,26.5,28.3,30.4
1971-06,29.2,25.6,29,29.2,30.6
1971-07,34.4,31.9,29,29.3,35
1971-08,34.1,28.8,31,27,38
1971-09,24.2,26.8,20.4,20.2,31
1971-10,22.4,25.1,19.5,18.5,27.4
1971-11,17.778,15.3,13.9,13.6,25
1971-12,12.7,13.5,11.5,10,17
1972-01,4.6,11,4,3.8,15
1972-02,11.9,14.8,5.5,6,19.2
1972-03,19.5,22.1,15.2,11.5,22
1972-04,23,20.7,16.5,12.8,22
1972-05,25,24.2,23.5,22.7,28.6
1972-06,32.3,28.1,28,31.2,30.6
1972-07,33.5,30.1,31.1,32,34.6
1972-08,29.3,27.8,26.1,27,36.8
1972-09,26.4,24.2,22,21.5,28.6
1972-10,18.3,23.9,18,17.4,23
1972-11,13.6,18.9,12.5,12,21
1972-12,10.7,13.2,10.3,9.6,16.8
1973-01,7,20,6.6,10,18
1973-02,9.5,20,9.2,9.2,17
1973-03,21,20,18.5,17,21
1973-04,19,22.1,15.3,21,22.6
1973-05,27.1,25.1,24,24.6,32.2
1973-06,33.4,31,35,32,33
1973-07,32,30.2,31,31.8,37
1973-08,32,33,33,29.5,35
1973-09,33,33,26.3,21,33
1973-10,23,23.9,22,20.7,31
1973-11,14.2,20,12.1,11.6,21
1973-12,15,20,7.2,6.5,25
1974-01,12.3,20,9,6.4,25
1974-02,22,19,11,9,20
1974-03,20.1,20.5,15.1,14.4,25
1974-04,24,22.4,22.2,19.2,22
1974-05,26.1,26,25,28,28
1974-06,30,28.3,27.1,26.4,32
1974-07,26,29,24,25,35.6
1974-08,36,34.1,26.7,25.5,37
1974-09,27,31,26.4,22.8,40
1974-10,14.1,17,17,14.5,25
1974-11,14.3,20,12,9.2,21
1974-12,18,20,10.1,10,17
1975-01,10.1,16,10.1,10.2,16.3
1975-02,11,15.3,8.4,9.3,23
1975-03,18.4,16.7,10.8,9.1,20.4
1975-04,26,26,21.6,19.4,25
1975-05,27.5,24.3,24.6,25.8,29
1975-06,31.2,29,28.5,28.9,31.8
1975-07,32,32,28.5,30.5,37
1975-08,34.2,36,35,35.4,39
1975-09,31.1,26,28.5,24.9,36
1975-10,21.2,19,19,17.5,30
1975-11,15,14,12,10,26
1975-12,9.4,12,10,9.6,19
1976-01,9.5,12.4,9.1,7.3,19
1976-02,14.2,17.6,9.4,10.6,20
1976-03,16.6,20,9.8,12.2,21
1976-04,23,23,16.5,17,30
1976-05,30,32,25.3,25,29
1976-06,34,35.3,30,30.6,33
1976-07,36.3,37,28.3,28.5,38
1976-08,30.8,32,28.3,28.5,31
1976-09,28,30,20.3,20.3,29
1976-10,22.4,24.8,23,15.2,29
1976-11,16.2,20,12.2,10,20.6
1976-12,12.5,16,9,6.4,20
1977-01,11.6,14,10,3.4,19
1977-02,13.3,20,10,2.2,21
1977-03,18.3,21.2,11.6,11.5,24
1977-04,18,22.5,15,15,28
1977-05,30,33,28,27,33
1977-06,32,33,29,31,33
1977-07,29.3,30,27.6,25.3,34
1977-08,28.1,28,24,25,34.2
1977-09,26.5,30,24,22.1,30
1977-10,23.5,24,17,14,26
1977-11,17,20,13.3,13,24
1977-12,16,20,13,8.8,18
1978-01,7,20,9,5.8,16
1978-02,16.1,20,8,3.5,21.2
1978-03,22,20,14,11.5,21
1978-04,19,20,16.4,16.4,24
1978-05,29,28,29,27,29
1978-06,31,31,29,29.7,34
1978-07,32.2,30.3,29,28.6,36.4
1978-08,33,29.3,29,30.5,35
1978-09,24,26.5,18.6,17.5,30
1978-10,22.6,25,20.4,18,28
1978-11,13.7,20,13.3,14,19
1978-12,10,16,7,4.5,19
1979-01,4,10,6,4.5,18
1979-02,6,12.2,4.7,6.4,20.6
1979-03,17.2,15,11.4,8.5,22.2
1979-04,20.2,24,18,17.5,23
1979-05,32,28,26.9,25.5,30
1979-06,33,27.6,30.6,30.5,33
1979-07,27,40,27,25.6,37
1979-08,30.5,28.3,26.7,28,36.8
1979-09,30,30.3,25.7,22,30
1979-10,23,22.5,18,18.2,27.2
1979-11,18,15,10.8,10.5,22
1979-12,15,15,10.6,11.7,19
1980-01,8,12,3.7,3.5,18
1980-02,10,15.1,7,6,17
1980-03,17.4,16.6,11.2,6.2,20
1980-04,22.1,21.3,18.6,16.6,20
1980-05,26,26.1,23.5,22,25
1980-06,31.2,27.2,27.7,29,31
1980-07,28,30.4,26.1,28.5,33
1980-08,32.5,31.3,26.2,30,36.4
1980-09,25.8,31,26,23,31
1980-10,19,22,18,14.6,28
1980-11,15,20,20,11,21
1980-12,11.7,13.1,10,9.1,21
1981-01,9,11.9,10,11,16
1981-02,10.3,13,10,11,17
1981-03,21,23,18,11,27
1981-04,24,24,17,16,25
1981-05,28.2,26,25.5,26,28.4
1981-06,32,31.1,24,23.5,34.2
1981-07,31.2,32.3,27.3,28.8,32.4
1981-08,32.3,31.8,28.6,27,41
1981-09,29,27,24,22,31.2
1981-10,22,22,17.2,17.4,29.8
1981-11,16,17.8,12.6,10,22
1981-12,9,16,9,8.5,19.2
1982-01,10.5,13.222,8,5.889,18
1982-02,11.222,14.5,9.111,4,18
1982-03,19.5,19.3,15.222,13.6,19
1982-04,22.5,20.278,16.1,17,22
1982-05,28.5,28.8,25,27.222,30
1982-06,34.111,29.1,31,31.1,37.8
1982-07,33,33.278,30,30,39
1982-08,32.4,30,32,33,35
1982-09,30,32.278,24,21.6,38.4
1982-10,22.6,22,20,19.7,26
1982-11,16.4,20.3,14.1,13,22.389
1982-12,13.111,14,10,6.722,19
1983-01,14.111,14.6,11,11.5,17
1983-02,12,13.611,6.5,5.8,16.389
1983-03,14.722,19,10.3,10,20
1983-04,23.722,22.1,17.4,16.3,25.6
1983-05,27.611,25.9,19.8,22,31
1983-06,31.3,30,27.2,25.5,32
1983-07,33,33.4,31.222,34.2,39.4
1983-08,36.8,31.222,30,31,35
1983-09,30,30.611,28.2,26.3,30
1983-10,24,27.4,18,18.7,30
1983-11,15.5,20,12,12,21.389
1983-12,11.4,15,11,8.222,21.889
1984-01,10,13.222,9.222,10.1,16
1984-02,9.4,13.889,7,3,18
1984-03,16.111,14.722,11,8.5,18
1984-04,23.4,26.222,19.1,22.5,23
1984-05,26.5,20.5,24,25,30.4
1984-06,28,29.111,25.3,26,30.222
1984-07,37,37.278,27.3,28,37
1984-08,30.5,30.278,28,27.3,35
1984-09,26.222,31.611,22,21.5,32
1984-10,21.611,19.3,17.8,16.6,29
1984-11,14,19.4,12.222,12.5,23.389
1984-12,9.2,18.111,10,9.5,19.389
1985-01,7,13.3,6.889,2.1,17.2
1985-02,9.111,14.722,5.111,4,21
1985-03,14.611,16.6,9,6.6,20
1985-04,25.722,24.3,17.278,17.111,26
1985-05,31.111,28.8,27.1,28.5,30
1985-06,30.9,30.222,26,28.8,33
1985-07,32,33,27.9,27.5,37
1985-08,32.722,29.4,25,24.5,38
1985-09,26.4,30,21,20,34
1985-10,28.3,30,22,21,31
1985-11,17.222,17.111,12,8.7,22
1985-12,15.2,20.889,11,7.5,23
1986-01,10.3,12.278,9,4,17
1986-02,4.5,7.222,4.222,6,17.389
1986-03,18,17.8,9.6,10,21
1986-04,21.722,18,18,19.8,24
1986-05,28.611,26.4,22.9,23.5,31
1986-06,31.5,34.4,29.6,30.8,33
1986-07,33.3,30.889,29.722,27.4,36
1986-08,36.222,36.8,28.8,27.5,38
1986-09,23.3,26,18.1,18.5,33
1986-10,22.4,26,19,19.5,29
1986-11,14.8,18,12.8,11.6,24
1986-12,12.3,15,11.5,11.6,23
1987-01,7,14,5,4,25
1987-02,8.1,15,6,5.6,22
1987-03,13.9,15,10.8,11,19
1987-04,28.3,26.111,21,23.5,24
1987-05,24.722,26.4,22.2,24.222,31
1987-06,38.222,32,28,23.5,35
1987-07,31,30.9,26.2,29.7,37.4
1987-08,29.111,33,26.8,23,36
1987-09,26.4,31,22.2,19.8,37
1987-10,22.8,24,21,15.2,28
1987-11,12,16.278,11.3,11.2,21.389
1987-12,13.4,15.3,13.611,7.5,25
1988-01,13,15.778,10.7,7.2,17
1988-02,12.111,14.722,12.222,5.222,18
1988-03,13.9,15.111,11,6.8,20
1988-04,25.722,23,24,17.3,23
1988-05,29.222,26.7,26.8,26.8,30
1988-06,28.278,26.889,28.5,29.5,30
1988-07,31.222,30,27.111,27.8,37
1988-08,30.4,31.5,26.278,23.6,38
1988-09,26.1,26.111,22.7,23,34
1988-10,20.111,23,19.778,15.111,30
1988-11,14.3,17.9,10.4,9.2,27
1988-12,10.3,14,10,8.2,18
1989-01,11,13.4,10.4,10.5,17
1989-02,14,15.9,11.6,12,19
1989-03,22.8,25,17.389,12.8,26
1989-04,25.5,20.5,22,21.5,26
1989-05,27.9,30,26.6,28.4,28
1989-06,32,30.4,30.278,28.5,31
1989-07,38,34,33.1,32.4,35
1989-08,35.3,31,30.2,27.5,36
1989-09,29.9,29.278,26.111,24,31
1989-10,23,25.111,22.389,16.4,26
1989-11,14,16.2,15,11.1,24
1989-12,15.1,23.111,11.6,7.8,22
1990-01,12.4,14.4,10.7,7.5,18
1990-02,19,20.3,15.8,13.5,21
1990-03,22,24.111,19,18,23
1990-04,22.4,23.8,20.1,24,22.8
1990-05,28.6,28.222,27.1,28.6,31
1990-06,29.4,31.389,24.1,26.4,36
1990-07,32.7,34.3,27,28.7,37
1990-08,33.222,37.722,31.389,28.7,36
1990-09,22.3,28,20.6,20.222,30
1990-10,24,26.722,20,16.2,32
1990-11,13.111,16.5,13.3,10.111,23.222
1990-12,9.222,13.778,13.111,9.3,16.389
1991-01,15.5,15,10.5,6.2,17.611
1991-02,13.5,18,10.8,13.5,20
1991-03,18.111,19.5,13.4,12.5,28
1991-04,21.2,25.8,19.6,19,25
1991-05,24.222,25.3,23,19.6,26
1991-06,27.8,25.611,21,21.2,34
1991-07,36.1,35.222,33.111,31.6,36
1991-08,35.2,33.389,27.6,29,37
1991-09,29.5,31,27.111,26.3,31
1991-10,24.4,24.389,20.4,17.611,29
1991-11,16.222,19.611,11.8,10,20
1991-12,12.5,13.5,9.7,9.5,17
1992-01,11.5,13,9.6,10.8,17
1992-02,15,17.278,10,10.8,20.611
1992-03,16.2,19,12.2,11,22
1992-04,25.611,22.4,15,15.7,26
1992-05,29.3,31.2,27.1,29,30
1992-06,33.2,31,30.611,29.111,33
1992-07,36.3,35.722,30.7,28.3,37
1992-08,38.611,36.778,33.5,27,38
1992-09,24.8,29.5,20.6,20.2,32
1992-10,18.1,20.889,16.389,17.1,28
1992-11,13.278,16.4,12.111,10,25
1992-12,12.5,18.778,10,9.2,19.5
1993-01,14.2,15.778,11.1,8.5,19
1993-02,7.5,10.7,8.5,10.4,20
1993-03,17.3,22.6,13,14.2,25
1993-04,28.6,26,26.2,27,27
1993-05,30.8,28.3,27.7,27.222,32
1993-06,30.9,31.6,27.5,27.8,35
1993-07,29.5,30.111,25,26.4,37
1993-08,30.8,31.3,24.278,22,39
1993-09,24.2,27.111,19.889,18.3,34
1993-10,21.1,20.278,20,15.722,29
1993-11,8.6,20.389,9.611,7,24
1993-12,13.2,16,11,8.2,20.5
1994-01,11.6,14,10,7.8,20
1994-02,13,16,6.778,6.278,19
1994-03,21.5,23,13.5,11,30
1994-04,24.6,27.611,20,20.3,26
1994-05,24.9,27.722,23.4,23,30
1994-06,35,33.111,26.889,27.2,35
1994-07,37.8,34.4,33.2,34.222,36
1994-08,38.2,36.222,31.4,32,38
1994-09,22.2,24.722,20.222,20,35
1994-10,18.1,24,15,15.4,27
1994-11,15.6,20,13,12.6,24
1994-12,14,15.3,12.1,9,19
1995-01,13,15.4,11.278,6.2,19
1995-02,15.4,16.2,10.6,9.5,18
1995-03,17.1,18.889,12.1,11.8,19.4
1995-04,28.7,22.611,24.4,20.5,25
1995-05,29.6,28.3,23.3,27.4,28
1995-06,28,33.1,28.5,26.5,33
1995-07,33.9,37,30.222,29.611,37
1995-08,32.9,35.1,29.5,30.4,35
1995-09,24.7,24.111,24,23,29
1995-10,25,26.8,23.6,22.7,28
1995-11,11.6,19.5,20.722,8.222,22
1995-12,9.5,13,9.778,3.2,18
1996-01,5.2,15,3.2,3,22.111
1996-02,11.6,14.278,5.4,4.5,17
1996-03,12.2,21.5,8.278,9,19
1996-04,30,25.222,27,22,24
1996-05,30.6,29.722,23.5,24,31
1996-06,34.3,34.1,29.111,26.6,35
1996-07,27.5,32.3,25.5,27.222,35
1996-08,30.5,30.5,28.389,32,34
1996-09,23.5,26,22.6,22.7,28
1996-10,20.5,22.2,17,16.2,24
1996-11,16.5,15.5,14.722,13.3,23
1996-12,9.6,12.6,8,6.4,19
1997-01,9.5,13,6.1,7.3,19
1997-02,14.9,19.778,11,8.8,18
1997-03,19.5,20.5,14.7,15.9,24.278
1997-04,19.1,22.722,18.5,15.222,24
1997-05,30.1,27.9,20,20.6,30
1997-06,34.2,29.1,26.222,28,33
1997-07,27.9,36.611,27.889,30.8,36
1997-08,32.6,34.4,31.5,30.5,36
1997-09,28.7,29.611,25.722,24.7,35
1997-10,23.9,28.611,18,15.2,33.611
1997-11,17.7,15.3,12.111,11.8,22.278
1997-12,12,15,9.111,7.7,18
1998-01,13.9,16,11,8.5,19
1998-02,16.6,18.4,12.778,10.3,21
1998-03,20.1,21.9,16,13.3,21.778
1998-04,25,24.4,23.111,23,25.111
1998-05,30.9,31.7,25.389,25.4,30
1998-06,34.4,32.4,24.278,23.2,37
1998-07,36.9,33.8,29.111,25.722,39
1998-08,32.2,37.722,23.111,24.4,40
1998-09,24.9,28.3,21.611,22,34
1998-10,20.1,19.778,15,14.3,29
1998-11,11.9,15.389,8.389,5.1,22
1998-12,13,15.4,8.3,7.6,21
1999-01,14.6,17,10.5,8.3,19
1999-02,13.6,12.222,9.2,8.111,18
1999-03,20.9,20,15.111,13.611,22
1999-04,22.3,22.5,18.9,17.8,25
1999-05,31.3,29.8,24.111,24.1,30
1999-06,28.6,27.5,24.222,27.8,33
1999-07,35.8,33,28.722,32.7,36
1999-08,31,33.722,28.611,31.9,38
1999-09,30.5,32.111,27,26.4,32
1999-10,19.4,22.389,18,16.7,27
1999-11,15.2,18.722,15,15.5,24
1999-12,12,13.611,10.1,8.111,19.278
2000-01,11.6,13.7,9.7,7,16
2000-02,18,18.778,11.278,8,17
2000-03,16.5,18.5,14,15,20
2000-04,30.5,22.4,27.611,24.1,28
2000-05,32,28.722,29.111,25,29
2000-06,36.9,33,32.389,27.3,32.611
2000-07,26.5,28.1,30.222,26.8,37.389
2000-08,32.5,32.1,25.778,24.4,40
2000-09,24.5,29.1,22.611,20.7,34.222
2000-10,23.5,21.5,20,18,32.222
2000-11,14.2,16.889,13.111,11.6,23.5
2000-12,14.5,17.611,11.5,10,19.611
2001-01,10.4,13.111,8,5.7,19
2001-02,13.8,15.889,11,9,20
2001-03,14.9,19,10.111,8.3,25.5
2001-04,26.2,24,17.4,17.222,26.389
2001-05,29.7,29.611,25.5,23,33.611
2001-06,29.2,35,28,28,35.778
2001-07,32.8,32.389,32.278,41,40.5
2001-08,35.4,34.111,30.5,26.1,38
2001-09,22.7,23.722,21.4,21.3,30.611
2001-10,22.7,25.722,20,17.3,29.5
2001-11,12.2,14.4,13.111,14.111,24.778
2001-12,8.4,14,11.278,6.2,17.222
2002-01,15.2,16,9.222,6,17.611
2002-02,17,17.778,19,10,19.611
2002-03,19,19.889,16,17.6,26
2002-04,19.5,24.111,17.5,21.8,26.222
2002-05,28.5,28,24,25.1,29.389
2002-06,33.8,34.278,27.2,29.4,37.778
2002-07,34.3,35.5,30.111,31,36.278
2002-08,33.2,33.5,30.4,30.9,41.611
2002-09,27.9,25,26.5,26.611,29.222
2002-10,20.2,24,19.5,14.8,28.222
2002-11,12.5,16.222,9.5,6.3,33.111
2002-12,7.4,15.222,7.889,4.3,27.611
2003-01,10,16.5,10,7,30.111
2003-02,12.2,16,6.6,7,28.389
2003-03,18.9,23,16,15.5,25.611
2003-04,22.8,25.4,20.389,22.1,28.611
2003-05,30.7,29,23.222,23.8,33
2003-06,33.3,31.889,26.9,27.5,39.5
2003-07,34.5,36.611,30,31.5,39
2003-08,36.3,40,30.278,30.9,40
2003-09,30.2,31,26,24.8,31.778
2003-10,18,25,16,13.8,28.5
2003-11,15.5,19.278,12.111,14.889,26.889
2003-12,11.3,14,10,7.8,21
2004-01,8.7,15.4,5.5,3.1,16.8
2004-02,15.5,19,10.389,7.9,21
2004-03,20.9,23,17.3,15,21.389
2004-04,23.9,22.611,19.222,18.611,23.778
2004-05,25.7,26.722,23.4,24.9,27.389
2004-06,26.8,32,24.278,25.7,34.5
2004-07,30.3,36.111,27,26.611,37.611
2004-08,31.9,34.222,27.722,31.4,37.111
2004-09,26.9,30.222,24.611,24,39.722
2004-10,25.4,27,17.722,14.6,27.222
2004-11,14.8,15,12.222,12.222,28.389
2004-12,9.7,12.778,9.222,16.5,21.389
2005-01,14,13,11.722,10.4,16.278
2005-02,11,13.5,6.111,5.111,18.5
2005-03,18.6,23.722,13.111,14.3,22.222
2005-04,22.9,27.278,19.4,17.5,26.778
2005-05,33.8,32.722,26.5,21.2,32.389
2005-06,34,35,27.611,27,36.778
2005-07,32,35.111,31,32.3,41.222
2005-08,29.3,33.722,28.5,24.9,34.389
2005-09,29.6,32.778,27.111,23.722,33.111
2005-10,21.1,25.5,19.111,19,25.5
2005-11,17.7,19.722,14.4,12.8,23.5
2005-12,8.2,11.8,10.111,7.6,17.4
2006-01,5,12,5,7,20.111
2006-02,9.1,13,8.278,6.9,24.278
2006-03,19,20.111,13.222,7.9,20.889
2006-04,24,23.722,14.389,16.3,25.611
2006-05,26.4,26.389,24.222,24.8,33.222
2006-06,33.8,33.5,27.722,31.7,37.778
2006-07,37,37,31.4,32.9,38.222
2006-08,29,27,28.8,30.7,37.4
2006-09,28.1,31.111,24.3,24.9,34.778
2006-10,23.9,23,23.5,17.722,29.222
2006-11,18.6,19,14,12.3,27.4
2006-12,15.1,16,12.889,12.4,21
2007-01,14.2,16,11.611,11.5,19.389
2007-02,12.2,18.222,10.722,5.722,19.389
2007-03,19.8,19,16.9,18.1,22.278
2007-04,28.2,28.5,23.611,23.7,29.5
2007-05,32.8,28.722,26.3,22.8,34
2007-06,31.8,32,31,31.5,38.389
2007-07,38.6,33.278,28.222,27,39.389
2007-08,31,33.278,27.722,29.5,40.5
2007-09,25.2,27,21,20.5,32.389
2007-10,19,22.222,17.611,15.9,30.778
2007-11,14,14.4,14,13.5,22
2007-12,14.1,14.3,10.389,9.222,16.778
2008-01,12,15,10.389,8.3,17.778
2008-02,14.6,18.222,11.278,10.2,20
2008-03,18.2,18,13.778,13.5,22
2008-04,23.7,25.5,20.9,21.8,24.722
2008-05,31.4,27.278,25.111,27.111,36
2008-06,33,29.722,27.5,30.6,36.389
2008-07,34.8,34,30.5,31.6,36.389
2008-08,35,32.5,30.111,29.1,37.389
2008-09,26,28.111,22.111,20.6,37.611
2008-10,21.1,25,17.278,15.3,27.611
2008-11,16,18,13.5,12,26
2008-12,9.2,12.4,9,6.4,17
2009-01,6.7,12.389,8,6.9,16.611
2009-02,9.2,14.611,7.389,5.1,17.722
2009-03,15.5,17.222,13.111,11.6,22.778
2009-04,27.5,22,23,21.4,25.222
2009-05,31.7,30.278,26.722,27.4,36.778
2009-06,29,31.111,27.4,30.4,36
2009-07,31.4,32.611,29.722,30.6,40
2009-08,33.4,36,28,29,39.222
2009-09,33.1,30,26.222,24.8,34.222
2009-10,23.5,26.722,16,13.611,31
2009-11,15.5,18.9,13.5,12,24
2009-12,10.4,14,8,7.3,20.389
2010-01,2.7,10.4,3.111,0.4,16.278
2010-02,12.9,15,5.3,3.611,20
2010-03,23.5,20.611,17.611,10.6,23
2010-04,25.5,27.611,21.5,18.8,27.389
2010-05,22.7,30.4,22,25.4,29
2010-06,32.5,31.389,26.9,28.4,33.778
2010-07,38.2,35.778,32.222,32.5,39.222
2010-08,30.3,31.389,26.222,30.611,36.611
2010-09,25.3,27.389,21.222,20.4,33.722
2010-10,18.8,25.111,15.722,15,29.889
2010-11,18.5,18.4,12.611,10.4,26.111
2010-12,5.5,8,6,1.5,20.722
2011-01,11.2,15,8.222,5.222,18.611
2011-02,11,17.889,9.611,6,21.278
2011-03,17.8,22,15.278,13.8,23
2011-04,25.5,27.389,22,22.7,28
2011-05,34.1,29.611,25.6,26,31
2011-06,33.3,37.111,26.8,29,35
2011-07,30.5,31.611,27.9,30.2,38
2011-08,31.8,33.5,26.111,27.1,40
2011-09,30,31.722,25.722,22.4,36
2011-10,28,29,22.8,18.611,30.389
2011-11,15.9,18.3,13.222,13.4,23
2011-12,13,14,10.611,12.2,19.222
2012-01,13,14.4,9.222,6,17
2012-02,12,15.9,14,12.3,19.611
2012-03,21.5,24.778,18,17.2,25
2012-04,31.9,22.111,18.5,17.9,28
2012-05,31.6,29,28.111,26.222,30.222
2012-06,32.4,33,24.5,23.8,37
2012-07,33.8,32.889,28.8,27.3,38.389
2012-08,36.4,38.389,31.5,25.6,41
2012-09,30.9,31.722,26.5,22.3,33.8
2012-10,23.1,25,20.889,16,30
2012-11,12.4,15,11.222,11.6,24.389
2012-12,12.7,15,8.611,6,18
2013-01,12.4,14,10,6.222,19.4
2013-02,7.6,12,7.278,9.7,17
2013-03,14.4,17,11.9,7.611,22
2013-04,26.2,26.722,20.222,15.3,32.222
2013-05,28.8,22.389,27.611,24.722,29.222
2013-06,34.7,29.4,27.3,26.611,36.389
2013-07,35.7,35,30.389,29.4,37
2013-08,35.1,35.5,30,28.9,40
2013-09,27.3,33.111,23.722,24.4,34
2013-10,21.9,25,17.389,17.611,27.389
2013-11,15.1,17.278,12.278,11.6,24
2013-12,11.1,13.4,11.611,9.8,21
2014-01,12.6,15.111,9.611,7.222,19
2014-02,14.2,15.5,10.889,10.2,24.222
2014-03,22,21.611,17.722,15,23.611
2014-04,23.8,23.889,21.222,23,28.389
2014-05,30.8,26.111,27.611,28,29.222
2014-06,35,28.722,27.222,27.4,36.389
2014-07,35.6,35.778,31,32.7,34.222
2014-08,30.4,29.111,28.9,33.111,35
2014-09,27.7,28.389,24.4,24.1,32.222
2014-10,22.6,25.389,18.389,17.111,32.778
2014-11,19.5,21.722,16.5,14.3,24
2014-12,12.5,15,11,5.9,22
2015-01,13.2,15.111,10.389,9.2,18
2015-02,11.3,13.278,8.278,9.5,19.5
2015-03,18,21.222,14.389,16.5,22.778
2015-04,23.6,27.278,19.278,16.9,25.389
2015-05,28,28,20,19.3,33
2015-06,32.6,34.222,24.9,26.4,34.389
2015-07,38,39.722,32.4,30.611,40.222
2015-08,38.9,35.278,27.8,30.5,39.611
2015-09,29.5,24.222,22.9,21.3,34.611
2015-10,21.1,22,18.389,19.8,26.4
2015-11,18.1,22.111,15.722,13.9,28.5
2015-12,15.1,17,21.278,13.3,19.389
2016-01,12,14.389,10.222,8.222,18.778
2016-02,12.4,15,10.278,8.111,22.222
2016-03,17.7,17.222,13.5,12.6,25.611
2016-04,24.1,22.111,16.4,14.7,28.222
2016-05,29.8,26.111,27.3,26.611,30
2016-06,36.4,32.722,29.9,29.8,36
2016-07,32.1,35.611,29.4,30,36.222
2016-08,35,37,31.222,27.611,35.389
2016-09,32.8,33.4,27.5,25.222,34
2016-10,19.7,22.111,18,16.4,28
2016-11,15,17,12.222,9.4,22.5
2016-12,11.5,13,12.389,10.8,18.611
2017-01,8.1,13.222,8.389,10.611,16.389
2017-02,14,20.722,10,8.111,18
2017-03,23.4,23.722,20.778,19,25
2017-04,24.9,26.5,16.889,16.2,24.778
2017-05,32.3,32,26,28.9,31
2017-06,32.2,37.5,25.9,26.9,35
2017-07,32.9,35.4,24,25.3,39.778
2017-08,31.5,33.389,25.222,26.222,42
2017-09,23.3,26,20.9,20,30.222
2017-10,23.1,26,17.278,17.222,28
2017-11,15,17.111,13.278,10.611,21.111
2017-12,12.7,15.4,11,7.222,18
2018-01,12.6,15,11.278,7.611,21.389
2018-02,7.7,12.222,5.611,4.111,17
2018-03,17.1,19.111,10.111,10.2,21
2018-04,28.5,29.278,25.889,24.6,30
2018-05,33.2,29.111,29,28.8,31
2018-06,32.7,33,29.4,30.778,33.278
2018-07,36.3,37.389,33.222,33.611,36
2018-08,38,38,33.4,32.222,37.8
2018-09,31.2,30.278,26.389,25.5,33
2018-10,25.7,27.222,22.5,20.111,27
2018-11,17.9,20.5,13,11.222,22
2018-12,14,16.222,11,7.4,19.389
2019-01,8.8,12,8.389,7,16.222
2019-02,16.7,21.111,14.278,11.9,22.4
2019-03,19.1,21.5,15.778,15.3,24
2019-04,27,27.222,25.222,20.778,27.111
2019-05,26.8,25.611,23.5,26.9,24
2019-06,38.6,36.5,32,29.6,38
2019-07,34.7,42.611,31.5,32.2,37
2019-08,34.1,34,31,27.8,38.222
2019-09,31.3,28.611,25.389,26.3,33
2019-10,24.7,26.5,18.111,15,28
2019-11,16.6,17,12.3,9.611,28.222
2019-12,13.4,16.278,11.389,10.3,20.222
2020-01,14.5,15,12.722,11.222,17
2020-02,17,18.389,11.5,11.222,19.611
2020-03,18,21.222,13.3,12.722,22.222
2020-04,24.6,27.111,21,18.222,24
2020-05,25.5,30.5,25.3,23.3,32
2020-06,33.5,35.222,29,31,34.222
2020-07,31,39.5,27,27.3,39.778
2020-08,37.4,39.278,32.5,30.4,37.611
2020-09,31.7,35.278,26.5,21.222,35
2020-10,22.4,22,18.5,19.2,25
2020-11,21,20,17.611,15.8,22
2020-12,13.8,16,9.5,8.4,18.278
2021-01,13.4,14.5,8.778,6.4,17
2021-02,19.9,21.222,15.111,12,22
2021-03,24.7,26,18.389,17.222,24.389
2021-04,21.2,25.611,20.389,16.4,26.778
2021-05,30.7,28.4,24.889,24.111,31.222
2021-06,36.6,33.278,31.4,29.611,37
2021-07,31.2,30.278,31.111,33.1,37
2021-08,30.5,31.222,25.889,25.722,39.778
2021-09,28.1,31.5,26.4,23.8,32
2021-10,24.7,24.111,18.222,17.111,29
2021-11,13,15,14.111,12.5,26.222
2021-12,14.2,16.5,10.111,9.611,19
2022-01,13,15.111,10.611,9.222,17
2022-02,13.8,15.722,9.722,7.5,20
2022-03,19,22.222,16.778,15.5,22
2022-04,21,22.722,20.5,18.889,25
2022-05,29,29.722,24.889,23.889,35
2022-06,37,36.722,30.5,31.5,41.222
2022-07,38,40.5,31.889,34.778,39.611
2022-08,37,36,32.389,31.778,38
2022-09,24,31.222,22.5,21.278,34
